,property_name,cancellation_rate
0,Atliq Palace,25.18095238095238
1,Atliq Grands,25.08365130613443
2,Atliq City,24.91531964155555
3,Atliq Bay,24.84454626209734
4,Atliq Seasons,24.786539427423403
5,Atliq Blu,24.65244322092223
6,Atliq Exotica,24.371827140480352
